ID,source,xml_version,xpath,create_date,latest_feedback_date,file_count
8253,OSCE,2.0,/Data/Products/Product/Server/AskRebootHistory/AskRebootHistory_Config/CountsToKeepLogs,2022-03-05T00:00:00.0000000,,
2494,OSCE,2.0,/Data/Products/Product/Server/UseCustomScanServer,2017-09-29T00:00:00.0000000,,
8252,OSCE,2.0,/Data/Products/Product/Server/AskRebootHistory/AskRebootHistory_Config/DaysToKeepLogs,2022-03-05T00:00:00.0000000,,
2493,OSCE,2.0,/Data/Products/Product/EndPoint/DLP_CFG/DAC_POLICY_COUNT,2017-09-22T00:00:00.0000000,,
8251,OSCE,2.0,/Data/Products/Product/Server/AskRebootHistory/AskRebootHistory_Config/LastBIFUploadTimeEpoch,2022-03-05T00:00:00.0000000,,
2492,OSCE,2.0,/Data/Products/Product/EndPoint/DLP_CFG/DLP_POLICY_COUNT,2017-09-22T00:00:00.0000000,,
8257,OSCE,2.0,/Data/Products/Product/Server/AskRebootHistory/AskRebootHistory_Summary/Item/@BIFUploadTimeEpoch,2022-03-05T00:00:00.0000000,,
2490,OSCE,2.0,/Data/Products/Product/EndPoint/DLP_CFG/Item/@desktop_on,2017-09-21T00:00:00.0000000,,
8254,OSCE,2.0,/Data/Products/Product/Server/AskRebootHistory/AskRebootHistory_Summary/Item/@Name,2022-03-05T00:00:00.0000000,,
2495,OSCE,2.0,/Data/Products/Product/Server/CustomScanServerListCount,2017-09-29T00:00:00.0000000,,
8250,OSCE,2.0,/Data/Products/Product/Server/AskRebootHistory/AskRebootHistory_Config/enable,2022-03-05T00:00:00.0000000,,
2491,OSCE,2.0,/Data/Products/Product/EndPoint/DLP_CFG/Item/@desktop_off,2017-09-21T00:00:00.0000000,,
8237,OSCE,2.0,/Data/Products/Product/Server/AskRebootHistory/Summary/Item/@ByCount,2022-02-26T00:00:00.0000000,,
2486,OSCE,2.0,/Data/Products/Product/Server/EndpointLocation,2017-09-21T00:00:00.0000000,,
8236,OSCE,2.0,/Data/Products/Product/Server/AskRebootHistory/Summary/Item/@ByDay,2022-02-26T00:00:00.0000000,,
2485,OSCE,2.0,/Data/Products/Product/Server/AgentOUSCount,2017-09-21T00:00:00.0000000,,
8235,OSCE,2.0,/Data/Products/Product/Server/AskRebootHistory/Summary/Item/@BIFUploadTimeEpoch,2022-02-26T00:00:00.0000000,,
2484,OSCE,2.0,/Data/Products/Product/Server/AllowAgentUpdateFromOUS,2017-09-21T00:00:00.0000000,,
8233,OSCE,2.0,/Data/Products/Product/Server/AskRebootHistory/Summary/Item/@Name,2022-02-26T00:00:00.0000000,,
1778,OSCE,2.0,/Data/Products/Product/Server/AgentGlobalSetting/SPSRelay,2016-11-21T00:00:00.0000000,,
8230,OSCE,2.0,/Data/Products/Product/Server/AskRebootHistory/Config/LastBIFUploadTimeEpoch,2022-02-26T00:00:00.0000000,,
2487,OSCE,2.0,/Data/Products/Product/EndPoint/DLP_CFG/Item/@Name,2017-09-21T00:00:00.0000000,,
8234,OSCE,2.0,/Data/Products/Product/Server/AskRebootHistory/Summary/Item/@count,2022-02-26T00:00:00.0000000,,
1619,OSCE,2.0,/Data/Products/Product/EndPoint/PRIVILEGES_OTHERS/Item/@desktop_off,2016-08-07T00:00:00.0000000,,
8229,OSCE,2.0,/Data/Products/Product/Server/AskRebootHistory/Config/enable,2022-02-26T00:00:00.0000000,,
2409,OSCE,2.0,/Data/Products/Product/Server/InternalProxyType,2017-08-12T00:00:00.0000000,,
8212,OSCE,2.0,/Data/Products/Product/EndPoint/MITRE_CFG/MITRE_MODE/@desktop_disable,2022-01-05T00:00:00.0000000,,
2408,OSCE,2.0,/Data/Products/Product/Server/HybridMode,2017-08-12T00:00:00.0000000,,
8211,OSCE,2.0,/Data/Products/Product/EndPoint/MITRE_CFG/MITRE_MODE/@server_disable,2022-01-05T00:00:00.0000000,,
1620,OSCE,2.0,/Data/Products/Product/EndPoint/TRENDX_CFG/Item/@EXCEPTIONS_COUNT_FROM_SETTING,2016-08-08T00:00:00.0000000,,
8209,OSCE,2.0,/Data/Products/Product/Server/Generic_Registry/Item/@Key,2021-12-29T00:00:00.0000000,,
1618,OSCE,2.0,/Data/Products/Product/EndPoint/PRIVILEGES_OTHERS/Item/@desktop_on,2016-08-07T00:00:00.0000000,,
8214,OSCE,2.0,/Data/Products/Product/EndPoint/MITRE_CFG/MITRE_MODE/@desktop_detection,2022-01-05T00:00:00.0000000,,
2063,OSCE,2.0,/Data/Products/Product/Server/RoleService,2017-03-09T00:00:00.0000000,,
8210,OSCE,2.0,/Data/Products/Product/Server/Generic_Registry/Item/@Value,2021-12-29T00:00:00.0000000,,
1587,OSCE,2.0,/Data/Products/Product/EndPoint/SAMPLE_SUBMISSION/Item/@desktop_off,2016-07-19T00:00:00.0000000,,
8213,OSCE,2.0,/Data/Products/Product/EndPoint/MITRE_CFG/MITRE_MODE/@server_detection,2022-01-05T00:00:00.0000000,,
1606,OSCE,2.0,/Data/Products/Product/EndPoint/Privileges_Others/Item/@server_off,2016-08-02T00:00:00.0000000,,
8204,OSCE,2.0,/Data/Products/Product/Server/ProxySettings/AgentProxy/AgentInternalProxy/AutoProxy/Proxy_Pwd_Set,2021-11-30T00:00:00.0000000,,
1621,OSCE,2.0,/Data/Products/Product/EndPoint/TRENDX_CFG/Item/@EXCEPTIONS_COUNT_FROM_LOG,2016-08-08T00:00:00.0000000,,
8203,OSCE,2.0,/Data/Products/Product/Server/ProxySettings/AgentProxy/AgentInternalProxy/SPSProxy/Standard_ProxyPwd_Set,2021-11-30T00:00:00.0000000,,
1604,OSCE,2.0,/Data/Products/Product/EndPoint/Privileges_Others/Item/@Name,2016-08-02T00:00:00.0000000,,
8201,OSCE,2.0,/Data/Products/Product/Server/ProxySettings/AgentProxy/AgentInternalProxy/WindowsProxy/Proxy_Pwd_Set,2021-11-30T00:00:00.0000000,,
1594,OSCE,2.0,/Data/Products/Product/EndPoint/TRENDX_CFG/Item/@ExceptionsFromLogCount,2016-07-19T00:00:00.0000000,,
8206,OSCE,2.0,/Data/Products/Product/Server/SNMPTrap/SNMPCommunity_Set,2021-11-30T00:00:00.0000000,,
1615,OSCE,2.0,/Data/Products/Product/EndPoint/PRIVILEGES_OTHERS/Item/@Name,2016-08-07T00:00:00.0000000,,
8202,OSCE,2.0,/Data/Products/Product/Server/ProxySettings/AgentProxy/AgentInternalProxy/ApexOneServerProxy/Proxy_Pwd_Set,2021-11-30T00:00:00.0000000,,
1579,OSCE,2.0,/Data/Products/Product/EndPoint/TRENDX_CFG/Item/@desktop_on,2016-07-19T00:00:00.0000000,,
8205,OSCE,2.0,/Data/Products/Product/Server/ProxySettings/AgentProxy/AgentExternalProxy/URLFilterProxyPassword_Set,2021-11-30T00:00:00.0000000,,
1590,OSCE,2.0,/Data/Products/Product/EndPoint/BehaviourMonitor/Item/@server_off,2016-07-19T00:00:00.0000000,,
8188,OSCE,2.0,/Data/Products/Product/Server/ProxySettings/AgentProxy/AgentExternalProxy/URLFilterProxyAccount,2021-11-09T00:00:00.0000000,,
1605,OSCE,2.0,/Data/Products/Product/EndPoint/Privileges_Others/Item/@server_on,2016-08-02T00:00:00.0000000,,
8195,OSCE,2.0,/Data/Products/Product/Server/ProxySettings/ServerProxy/Internet_Proxy_IP,2021-11-13T00:00:00.0000000,,
1588,OSCE,2.0,/Data/Products/Product/EndPoint/BehaviourMonitor/Item/@Name,2016-07-19T00:00:00.0000000,,
8193,OSCE,2.0,/Data/Products/Product/Server/ProxySettings/AgentProxy/AgentInternalProxy/AutoProxy/ProxyAutoConfigScript,2021-11-10T00:00:00.0000000,,
1586,OSCE,2.0,/Data/Products/Product/EndPoint/SAMPLE_SUBMISSION/Item/@desktop_on,2016-07-19T00:00:00.0000000,,
8190,OSCE,2.0,/Data/Products/Product/Server/ProxySettings/AgentProxy/AgentInternalProxy/ApexOneServerProxy/Proxy_IP,2021-11-10T00:00:00.0000000,,
1607,OSCE,2.0,/Data/Products/Product/EndPoint/Privileges_Others/Item/@desktop_on,2016-08-02T00:00:00.0000000,,
8186,OSCE,2.0,/Data/Products/Product/Server/ProxySettings/AgentProxy/AgentInternalProxy/AutoProxy/Proxy_Login,2021-11-09T00:00:00.0000000,,
1571,OSCE,2.0,/Data/Products/Product/EndPoint/TRENDX_CFG/TRENDX_FILE/@Log,2016-07-17T00:00:00.0000000,,
8197,OSCE,2.0,/Data/Products/Product/Server/SNMPTrap/SNMPServer,2021-11-19T00:00:00.0000000,,
1574,OSCE,2.0,/Data/Products/Product/EndPoint/TRENDX_CFG/TRENDX_PROCESS/@Terminate,2016-07-17T00:00:00.0000000,,
8180,OSCE,2.0,/Data/Products/Product/Server/ProxySettings/AgentProxy/AgentInternalProxy/WindowsProxy/Proxy_Login,2021-11-09T00:00:00.0000000,,
1589,OSCE,2.0,/Data/Products/Product/EndPoint/BehaviourMonitor/Item/@server_on,2016-07-19T00:00:00.0000000,,
8187,OSCE,2.0,/Data/Products/Product/Server/ProxySettings/AgentProxy/AgentInternalProxy/AutoProxy/Proxy_Pwd,2021-11-09T00:00:00.0000000,,
1580,OSCE,2.0,/Data/Products/Product/EndPoint/TRENDX_CFG/Item/@desktop_off,2016-07-19T00:00:00.0000000,,
8185,OSCE,2.0,/Data/Products/Product/Server/ProxySettings/AgentProxy/AgentInternalProxy/SPSProxy/Standard_ProxyServer,2021-11-09T00:00:00.0000000,,
1578,OSCE,2.0,/Data/Products/Product/EndPoint/TRENDX_CFG/Item/@server_off,2016-07-19T00:00:00.0000000,,
8182,OSCE,2.0,/Data/Products/Product/Server/ProxySettings/AgentProxy/AgentInternalProxy/ApexOneServerProxy/Proxy_Port,2021-11-09T00:00:00.0000000,,
1591,OSCE,2.0,/Data/Products/Product/EndPoint/BehaviourMonitor/Item/@desktop_on,2016-07-19T00:00:00.0000000,,
8178,OSCE,2.0,/Data/Products/Product/Server/ProxySettings/AgentProxy/AgentInternalProxy/AutoProxy/AutoProxyDetection,2021-11-05T00:00:00.0000000,,
1563,OSCE,2.0,/Data/Products/Product/EndPoint/TRENDX_CFG/ENABLE_PROCESS/@disable,2016-07-17T00:00:00.0000000,,
8189,OSCE,2.0,/Data/Products/Product/Server/ProxySettings/AgentProxy/AgentExternalProxy/URLFilterProxyPassword,2021-11-09T00:00:00.0000000,,
1566,OSCE,2.0,/Data/Products/Product/EndPoint/TRENDX_CFG/TRENDX/@enable,2016-07-17T00:00:00.0000000,,
8172,OSCE,2.0,/Data/Products/Product/Server/ProxySettings/ServerProxy/Internet_Proxy_Socks,2021-11-05T00:00:00.0000000,,
1573,OSCE,2.0,/Data/Products/Product/EndPoint/TRENDX_CFG/TRENDX_PROCESS/@disable,2016-07-17T00:00:00.0000000,,
8179,OSCE,2.0,/Data/Products/Product/Server/ProxySettings/AgentProxy/AgentInternalProxy/AutoProxy/UseProxyAutoConfigScript,2021-11-05T00:00:00.0000000,,
1572,OSCE,2.0,/Data/Products/Product/EndPoint/TRENDX_CFG/TRENDX_PROCESS/@enable,2016-07-17T00:00:00.0000000,,
8177,OSCE,2.0,/Data/Products/Product/Server/ProxySettings/AgentProxy/AgentInternalProxy/SPSProxy/Standard_ProxyPort,2021-11-05T00:00:00.0000000,,
1570,OSCE,2.0,/Data/Products/Product/EndPoint/TRENDX_CFG/TRENDX_FILE/@Quarantine,2016-07-17T00:00:00.0000000,,
8174,OSCE,2.0,/Data/Products/Product/Server/ProxySettings/AgentProxy/AgentInternalProxy/ProxyTypeID,2021-11-05T00:00:00.0000000,,
1583,OSCE,2.0,/Data/Products/Product/EndPoint/SAMPLE_SUBMISSION/Item/@Name,2016-07-19T00:00:00.0000000,,
8170,OSCE,2.0,/Data/Products/Product/Server/ProxySettings/ServerProxy/Use_Internet_Proxy,2021-11-05T00:00:00.0000000,,
1043,OSCE,2.0,/Data/Products/Product/EndPoint/AgentGlobalSettingInClient/MeerkatLogOnly/@enable,2015-11-20T00:00:00.0000000,,
8181,OSCE,2.0,/Data/Products/Product/Server/ProxySettings/AgentProxy/AgentInternalProxy/WindowsProxy/Proxy_Pwd,2021-11-09T00:00:00.0000000,,
1558,OSCE,2.0,/Data/Products/Product/EndPoint/TRENDX_CFG/ENABLE_FILE/@enable,2016-07-17T00:00:00.0000000,,
8156,OSCE,2.0,/Data/Products/Product/Server/LogMaintenance/ScheduleDelete/ScheduledDeleteMinute,2021-11-03T00:00:00.0000000,,
1565,OSCE,2.0,/Data/Products/Product/EndPoint/TRENDX_CFG/ENABLE_PROCESS/@Log,2016-07-17T00:00:00.0000000,,
8171,OSCE,2.0,/Data/Products/Product/Server/ProxySettings/ServerProxy/Internet_Proxy_Port,2021-11-05T00:00:00.0000000,,
1564,OSCE,2.0,/Data/Products/Product/EndPoint/TRENDX_CFG/ENABLE_PROCESS/@Quarantine,2016-07-17T00:00:00.0000000,,
8161,OSCE,2.0,/Data/Products/Product/Server/LogMaintenance/ScheduleDelete/ScheduledDeleteItems/Item/@EnableCount,2021-11-03T00:00:00.0000000,,
1562,OSCE,2.0,/Data/Products/Product/EndPoint/TRENDX_CFG/ENABLE_PROCESS/@enable,2016-07-17T00:00:00.0000000,,
8158,OSCE,2.0,/Data/Products/Product/Server/LogMaintenance/ScheduleDelete/ScheduledDeleteDayOfWeek,2021-11-03T00:00:00.0000000,,
1575,OSCE,2.0,/Data/Products/Product/EndPoint/TRENDX_CFG/TRENDX_PROCESS/@Log,2016-07-17T00:00:00.0000000,,
8162,OSCE,2.0,/Data/Products/Product/Server/LogMaintenance/ScheduleDelete/ScheduledDeleteItems/Item/@ByDay,2021-11-03T00:00:00.0000000,,
731,OSCE,2.0,/Data/Products/Product/Server/AgentGlobalSetting/Enable_ELAM,2015-05-24T00:00:00.0000000,,
8173,OSCE,2.0,/Data/Products/Product/Server/ProxySettings/ServerProxy/Internet_Proxy_Pwd,2021-11-05T00:00:00.0000000,,
894,OSCE,2.0,/Data/Products/Product/EndPoint/BehaviourMonitor/AEGIS_UMH/@disable,2015-08-29T00:00:00.0000000,,
8148,OSCE,2.0,/Data/Products/Product/Server/AgentGlobalSetting/ScheduleUpdateStartHour,2021-11-03T00:00:00.0000000,,
1557,OSCE,2.0,/Data/Products/Product/EndPoint/TRENDX_CFG/ENABLE_TRENDX/@disable,2016-07-17T00:00:00.0000000,,
8163,OSCE,2.0,/Data/Products/Product/Server/LogMaintenance/ScheduleDelete/ScheduledDeleteItems/Item/@ByCount,2021-11-03T00:00:00.0000000,,
1556,OSCE,2.0,/Data/Products/Product/EndPoint/TRENDX_CFG/ENABLE_TRENDX/@enable,2016-07-17T00:00:00.0000000,,
8153,OSCE,2.0,/Data/Products/Product/Server/LogMaintenance/ScheduleDelete/ScheduledDeleteRetainDay,2021-11-03T00:00:00.0000000,,
1042,OSCE,2.0,/Data/Products/Product/EndPoint/AgentGlobalSettingInClient/MeerkatLogOnly/@disable,2015-11-20T00:00:00.0000000,,
8150,OSCE,2.0,/Data/Products/Product/Server/AgentGlobalSetting/ScheduleUpdateStartWeekday,2021-11-03T00:00:00.0000000,,
1567,OSCE,2.0,/Data/Products/Product/EndPoint/TRENDX_CFG/TRENDX/@disable,2016-07-17T00:00:00.0000000,,
8154,OSCE,2.0,/Data/Products/Product/Server/LogMaintenance/ScheduleDelete/ScheduledDeleteFrequency,2021-11-03T00:00:00.0000000,,
667,OSCE,2.0,/Data/Products/Product/Server/SQLAuthMode,2015-04-15T00:00:00.0000000,,
8157,OSCE,2.0,/Data/Products/Product/Server/LogMaintenance/ScheduleDelete/ScheduledDeleteDayOfMonth,2021-11-03T00:00:00.0000000,,
606,OSCE,2.0,/Data/Products/Product/Server/BT_SuspiciousObjectList/BT_USE_IP,2015-04-02T00:00:00.0000000,,
8140,OSCE,2.0,/Data/Products/Product/Server/FeatureFlagHiddenKey/AllowAMSIBypassTrickNonBlocking,2021-11-02T00:00:00.0000000,,
893,OSCE,2.0,/Data/Products/Product/EndPoint/BehaviourMonitor/AEGIS_DRE/@enable,2015-08-29T00:00:00.0000000,,
8155,OSCE,2.0,/Data/Products/Product/Server/LogMaintenance/ScheduleDelete/ScheduledDeleteHour,2021-11-03T00:00:00.0000000,,
892,OSCE,2.0,/Data/Products/Product/EndPoint/BehaviourMonitor/AEGIS_DRE/@disable,2015-08-29T00:00:00.0000000,,
8145,OSCE,2.0,/Data/Products/Product/Server/AgentGlobalSetting/ScheduleUpdateCompletePeriod,2021-11-03T00:00:00.0000000,,
602,OSCE,2.0,/Data/Products/Product/Server/AgentGlobalSetting/MeerkatLogOnly,2015-03-31T00:00:00.0000000,,
8142,OSCE,2.0,/Data/Products/Product/Server/FeatureFlagHiddenKey/EnableUMHFileless,2021-11-02T00:00:00.0000000,,
1559,OSCE,2.0,/Data/Products/Product/EndPoint/TRENDX_CFG/ENABLE_FILE/@disable,2016-07-17T00:00:00.0000000,,
8146,OSCE,2.0,/Data/Products/Product/Server/AgentGlobalSetting/ScheduleUpdateInterval,2021-11-03T00:00:00.0000000,,
603,OSCE,2.0,/Data/Products/Product/Server/AgentGlobalSetting/MUI_Mode_Enable,2015-03-31T00:00:00.0000000,,
8149,OSCE,2.0,/Data/Products/Product/Server/AgentGlobalSetting/ScheduleUpdateStartMin,2021-11-03T00:00:00.0000000,,
598,OSCE,2.0,/Data/Products/Product/EndPoint/BehaviourMonitor/BM_ADC/@enable,2015-03-18T00:00:00.0000000,,
8132,OSCE,2.0,/Data/Products/Product/Server/SNMPTrap/SNMPCommunity,2021-11-01T00:00:00.0000000,,
661,OSCE,2.0,/Data/Products/Product/EndPoint/CPU_Type/@CPU_64bit,2015-04-08T00:00:00.0000000,,
8147,OSCE,2.0,/Data/Products/Product/Server/AgentGlobalSetting/ScheduledUpdateEnableUpdateConfigurationsOnlyOncePerDay,2021-11-03T00:00:00.0000000,,
660,OSCE,2.0,/Data/Products/Product/EndPoint/CPU_Type/@CPU_32bit,2015-04-08T00:00:00.0000000,,
8137,OSCE,2.0,/Data/Products/Product/Server/FeatureFlagHiddenKey/UMHCB,2021-11-02T00:00:00.0000000,,
234,OSCE,2.0,/Data/Products/Product/Server/OPP/OPP_PackerSolution,2014-09-25T00:00:00.0000000,,
8134,OSCE,2.0,/Data/Products/Product/Server/AgentGlobalSetting/CensusDelayTimeToSendFeedback,2021-11-02T00:00:00.0000000,,
1359,OSCE,2.0,/Data/Products/Product/Server/BT_SuspiciousObjectList/BT_USE_DNS,2016-03-31T00:00:00.0000000,,
8138,OSCE,2.0,/Data/Products/Product/Server/FeatureFlagHiddenKey/EnableNonBlockingMode,2021-11-02T00:00:00.0000000,,
235,OSCE,2.0,/Data/Products/Product/Server/CM_Register,2014-12-03T00:00:00.0000000,,
8141,OSCE,2.0,/Data/Products/Product/Server/FeatureFlagHiddenKey/EnableAssessment,2021-11-02T00:00:00.0000000,,
230,OSCE,2.0,/Data/Products/Product/Server/OPP/OPP_BlockShareFolder,2014-09-25T00:00:00.0000000,,
7825,OSCE,2.0,/Data/Products/Product/Server/SMTPServer/EnableESMTP,2021-05-26T00:00:00.0000000,,
605,OSCE,2.0,/Data/Products/Product/Server/BT_SuspiciousObjectList/BT_USE_FILE,2015-04-02T00:00:00.0000000,,
8139,OSCE,2.0,/Data/Products/Product/Server/FeatureFlagHiddenKey/EnableADCAssessMode,2021-11-02T00:00:00.0000000,,
604,OSCE,2.0,/Data/Products/Product/Server/BT_SuspiciousObjectList/BT_AUTO_NOTIFY,2015-04-02T00:00:00.0000000,,
7830,OSCE,2.0,/Data/Support_Connector_Enable,2021-05-28T00:00:00.0000000,,
226,OSCE,2.0,/Data/Products/Product/Server/IntegratedServer/FileReputationISPS,2014-09-25T00:00:00.0000000,,
7827,OSCE,2.0,/Data/Products/Product/Server/SMTPServer/ESMTPEnableSSL,2021-05-26T00:00:00.0000000,,
895,OSCE,2.0,/Data/Products/Product/EndPoint/BehaviourMonitor/AEGIS_UMH/@enable,2015-08-29T00:00:00.0000000,,
7831,OSCE,2.0,/Data/Products/Product/Server/SMTPServer/ESMTPCertFileName,2021-05-31T00:00:00.0000000,,
227,OSCE,2.0,/Data/Products/Product/Server/IntegratedServer/VirtualAnalyzer_C_and_C_list,2014-09-25T00:00:00.0000000,,
8133,OSCE,2.0,/Data/Products/Product/Server/AgentGlobalSetting/CensusFeedbackNumOfFiles,2021-11-02T00:00:00.0000000,,
142,OSCE,2.0,/Data/Products/Product/Server/ProductVersion,2014-09-18T00:00:00.0000000,,
7817,OSCE,2.0,/Data/Products/Product/xdr_onboarding/xdr_enable_onboard_promotion,2021-05-24T00:00:00.0000000,,
597,OSCE,2.0,/Data/Products/Product/EndPoint/BehaviourMonitor/BM_ADC/@disable,2015-03-18T00:00:00.0000000,,
7904,OSCE,2.0,/Data/CLP_ID,2021-06-01T00:00:00.0000000,,
236,OSCE,2.0,/Data/Products/Product/Server/SUSP_OBJ_LIST_USE_CM,2014-12-03T00:00:00.0000000,,
7822,OSCE,2.0,/Data/Products/Product/xdr_onboarding/xdr_xbc_download_mac_universal,2021-05-24T00:00:00.0000000,,
146,OSCE,2.0,/Data/Products/Product/Server/SmartProtection/SmartFeedbackSuspiciousProgram,2014-09-18T00:00:00.0000000,,
7819,OSCE,2.0,/Data/Products/Product/xdr_onboarding/xdr_enable_scheduled_preonboard,2021-05-24T00:00:00.0000000,,
607,OSCE,2.0,/Data/Products/Product/Server/BT_SuspiciousObjectList/BT_USE_URL,2015-04-02T00:00:00.0000000,,
7823,OSCE,2.0,/Data/BIF_Feedback_Days,2021-05-24T00:00:00.0000000,,
147,OSCE,2.0,/Data/Products/Product/Server/SmartProtection/WebReputation,2014-09-18T00:00:00.0000000,,
8092,OSCE,2.0,/Data/Products/Product/Server/AEGIS_CUSTOM_POLICY/AEGIS_CUSTOM_POLICY_ENABLED_COUNT,2021-08-16T00:00:00.0000000,,
134,OSCE,2.0,/Data/Products/Product/Server/OSLanguageID,2014-09-18T00:00:00.0000000,,
7809,OSCE,2.0,/Data/BIF_Status,2021-05-07T00:00:00.0000000,2021-05-21T00:00:00.0000000,128
229,OSCE,2.0,/Data/Products/Product/Server/OPP/OPP_BlockPorts,2014-09-25T00:00:00.0000000,,
7816,OSCE,2.0,/Data/Products/Product/Server/AgentGlobalSetting/CensusFeedbackEnable,2021-05-24T00:00:00.0000000,,
228,OSCE,2.0,/Data/Products/Product/Server/IntegratedServer/WebReputationISPS,2014-09-25T00:00:00.0000000,,
6933,OSCE,2.0,/Data/Products/Product/EndPoint/WebReputation/External/SecurityLevel/medium/@desktop,2020-04-20T00:00:00.0000000,,
138,OSCE,2.0,/Data/Products/Product/Server/PLS/Item/@Name,2014-09-18T00:00:00.0000000,,
7811,OSCE,2.0,/Data/Products/Product/Server/CLPID,2021-05-08T00:00:00.0000000,2021-05-21T00:00:00.0000000,2578
599,OSCE,2.0,/Data/Products/Product/EndPoint/BehaviourMonitor/BM_SRP/@disable,2015-03-18T00:00:00.0000000,,
6934,OSCE,2.0,/Data/Products/Product/EndPoint/WebReputation/External/SecurityLevel/low/@server,2020-04-20T00:00:00.0000000,,
139,OSCE,2.0,/Data/Products/Product/Server/PLS/Item/@Status,2014-09-18T00:00:00.0000000,,
7826,OSCE,2.0,/Data/Products/Product/Server/SMTPServer/ESMTPAuth,2021-05-26T00:00:00.0000000,,
126,OSCE,2.0,/Data/Products/Product/Server/AgentGrouping,2014-09-18T00:00:00.0000000,,
6928,OSCE,2.0,/Data/Products/Product/EndPoint/WebReputation/Internal/SecurityLevel/low/@server,2020-04-20T00:00:00.0000000,,
149,OSCE,2.0,/Data/ProtocolVersion,2014-09-18T00:00:00.0000000,,
7808,OSCE,2.0,/Data/GUID,2021-05-07T00:00:00.0000000,2021-05-21T00:00:00.0000000,19
148,OSCE,2.0,/Data/Products/Product/Server/Upgrade,2014-09-18T00:00:00.0000000,,
6925,OSCE,2.0,/Data/Products/Product/EndPoint/WebReputation/Internal/SecurityLevel/high/@desktop,2020-04-20T00:00:00.0000000,,
130,OSCE,2.0,/Data/Products/Product/Server/Hotfix/Item/@Installed_Date,2014-09-18T00:00:00.0000000,,
7226,OSCE,2.0,/Data/Products/Product/xdr_onboarding/xdr_get_onboarding_url_status,2020-06-17T00:00:00.0000000,,
231,OSCE,2.0,/Data/Products/Product/Server/OPP/OPP_DenyWrite,2014-09-25T00:00:00.0000000,,
6926,OSCE,2.0,/Data/Products/Product/EndPoint/WebReputation/Internal/SecurityLevel/medium/@server,2020-04-20T00:00:00.0000000,,
131,OSCE,2.0,/Data/Products/Product/Server/Hotfix/Item/@Released_Date,2014-09-18T00:00:00.0000000,,
7818,OSCE,2.0,/Data/Products/Product/xdr_onboarding/xdr_enable_pre_onboard,2021-05-24T00:00:00.0000000,,
118,OSCE,2.0,/Data/Products/Product/Server/ACs/AC/@Key,2014-09-18T00:00:00.0000000,,
6794,OSCE,2.0,/Data/Products/Product/EndPoint/WebReputation/External/Item/@desktop_off,2020-04-10T00:00:00.0000000,,
141,OSCE,2.0,/Data/Products/Product/Server/ProductLanguage,2014-09-18T00:00:00.0000000,,
6935,OSCE,2.0,/Data/Products/Product/EndPoint/WebReputation/External/SecurityLevel/low/@desktop,2020-04-20T00:00:00.0000000,,
140,OSCE,2.0,/Data/Products/Product/Server/PLS/Item/@Version,2014-09-18T00:00:00.0000000,,
6791,OSCE,2.0,/Data/Products/Product/EndPoint/WebReputation/External/Item/@server_on,2020-04-10T00:00:00.0000000,,
122,OSCE,2.0,/Data/Products/Product/Server/ACs/AC/@Service,2014-09-18T00:00:00.0000000,,
6930,OSCE,2.0,/Data/Products/Product/EndPoint/WebReputation/External/SecurityLevel/high/@server,2020-04-20T00:00:00.0000000,,
143,OSCE,2.0,/Data/Products/Product/Server/SmartProtection/FileReputation,2014-09-18T00:00:00.0000000,,
6792,OSCE,2.0,/Data/Products/Product/EndPoint/WebReputation/External/Item/@server_off,2020-04-10T00:00:00.0000000,,
123,OSCE,2.0,/Data/Products/Product/Server/AgentGlobalSetting/BM_NFC,2014-09-18T00:00:00.0000000,,
7225,OSCE,2.0,/Data/Products/Product/xdr_onboarding/xdr_is_onboarded,2020-06-17T00:00:00.0000000,,
110,OSCE,2.0,/Data/Products/Product/EndPoint/WebReputation/Internal/SecurityLevel/@low,2014-09-18T00:00:00.0000000,,
6780,OSCE,2.0,/Data/Products/Product/EndPoint/WebReputation/Internal/Item/@server_on,2020-04-10T00:00:00.0000000,,
133,OSCE,2.0,/Data/Products/Product/Server/HTTP_Server_Type,2014-09-18T00:00:00.0000000,,
6927,OSCE,2.0,/Data/Products/Product/EndPoint/WebReputation/Internal/SecurityLevel/medium/@desktop,2020-04-20T00:00:00.0000000,,
132,OSCE,2.0,/Data/Products/Product/Server/Hotfix/Item/@Version,2014-09-18T00:00:00.0000000,,
6777,OSCE,2.0,/Data/Products/Product/EndPoint/Firewall/@desktop_on,2020-04-10T00:00:00.0000000,,
114,OSCE,2.0,/Data/Products/Product/EndPoint/WebReputation/Internal/WR/@disable,2014-09-18T00:00:00.0000000,,
6782,OSCE,2.0,/Data/Products/Product/EndPoint/WebReputation/Internal/Item/@desktop_on,2020-04-10T00:00:00.0000000,,
135,OSCE,2.0,/Data/Products/Product/Server/OSType,2014-09-18T00:00:00.0000000,,
6778,OSCE,2.0,/Data/Products/Product/EndPoint/Firewall/@desktop_off,2020-04-10T00:00:00.0000000,,
115,OSCE,2.0,/Data/Products/Product/EndPoint/WebReputation/Internal/WR/@enable,2014-09-18T00:00:00.0000000,,
6929,OSCE,2.0,/Data/Products/Product/EndPoint/WebReputation/Internal/SecurityLevel/low/@desktop,2020-04-20T00:00:00.0000000,,
102,OSCE,2.0,/Data/Products/Product/EndPoint/WebReputation/Internal/AssessmentMode/@enable,2014-09-18T00:00:00.0000000,,
6772,OSCE,2.0,/Data/Products/Product/EndPoint/ScanMode/Item/@server_off,2020-04-10T00:00:00.0000000,,
125,OSCE,2.0,/Data/Products/Product/Server/AgentGlobalSetting/MeerkatDesktop,2014-09-18T00:00:00.0000000,,
6793,OSCE,2.0,/Data/Products/Product/EndPoint/WebReputation/External/Item/@desktop_on,2020-04-10T00:00:00.0000000,,
124,OSCE,2.0,/Data/Products/Product/Server/AgentGlobalSetting/DeferScanOnFileOperation,2014-09-18T00:00:00.0000000,,
6769,OSCE,2.0,/Data/Products/Product/Server/BT_SuspiciousObjectList/BT_AUTO_NOTIFY/@desktop_off,2020-04-10T00:00:00.0000000,,
106,OSCE,2.0,/Data/Products/Product/EndPoint/WebReputation/Internal/HTTPS_URL/@enable,2014-09-18T00:00:00.0000000,,
6774,OSCE,2.0,/Data/Products/Product/EndPoint/ScanMode/Item/@desktop_off,2020-04-10T00:00:00.0000000,,
127,OSCE,2.0,/Data/Products/Product/Server/DatabaseMode,2014-09-18T00:00:00.0000000,,
6770,OSCE,2.0,/Data/Products/Product/EndPoint/ScanMode/Item/@Name,2020-04-10T00:00:00.0000000,,
107,OSCE,2.0,/Data/Products/Product/EndPoint/WebReputation/Internal/ScanCommonHTTPport/@disable,2014-09-18T00:00:00.0000000,,
6781,OSCE,2.0,/Data/Products/Product/EndPoint/WebReputation/Internal/Item/@server_off,2020-04-10T00:00:00.0000000,,
94,OSCE,2.0,/Data/Products/Product/EndPoint/WebReputation/External/SecurityLevel/@high,2014-09-18T00:00:00.0000000,,
6764,OSCE,2.0,/Data/Products/Product/Server/BT_SuspiciousObjectList/BT_USE_FILE/@desktop_on,2020-04-10T00:00:00.0000000,,
117,OSCE,2.0,/Data/Products/Product/Server/ACs/AC/@ExpiredDays,2014-09-18T00:00:00.0000000,,
6779,OSCE,2.0,/Data/Products/Product/EndPoint/WebReputation/Internal/Item/@Name,2020-04-10T00:00:00.0000000,,
116,OSCE,2.0,/Data/Products/Product/Server/ACs/AC/@AP_Name,2014-09-18T00:00:00.0000000,,
6761,OSCE,2.0,/Data/Products/Product/Server/BT_SuspiciousObjectList/BT_USE_DNS/@desktop_off,2020-04-10T00:00:00.0000000,,
98,OSCE,2.0,/Data/Products/Product/EndPoint/WebReputation/External/SendQuerySmartProtectionServer/@enable,2014-09-18T00:00:00.0000000,,
6766,OSCE,2.0,/Data/Products/Product/Server/BT_SuspiciousObjectList/BT_AUTO_NOTIFY/@server_on,2020-04-10T00:00:00.0000000,,
119,OSCE,2.0,/Data/Products/Product/Server/ACs/AC/@Language,2014-09-18T00:00:00.0000000,,
6762,OSCE,2.0,/Data/Products/Product/Server/BT_SuspiciousObjectList/BT_USE_FILE/@server_on,2020-04-10T00:00:00.0000000,,
99,OSCE,2.0,/Data/Products/Product/EndPoint/WebReputation/External/WR/@disable,2014-09-18T00:00:00.0000000,,
6773,OSCE,2.0,/Data/Products/Product/EndPoint/ScanMode/Item/@desktop_on,2020-04-10T00:00:00.0000000,,
86,OSCE,2.0,/Data/Products/Product/EndPoint/WebReputation/External/AssessmentMode/@disable,2014-09-18T00:00:00.0000000,,
6756,OSCE,2.0,/Data/Products/Product/Server/BT_SuspiciousObjectList/BT_USE_IP/@desktop_on,2020-04-10T00:00:00.0000000,,
109,OSCE,2.0,/Data/Products/Product/EndPoint/WebReputation/Internal/SecurityLevel/@high,2014-09-18T00:00:00.0000000,,
6771,OSCE,2.0,/Data/Products/Product/EndPoint/ScanMode/Item/@server_on,2020-04-10T00:00:00.0000000,,
108,OSCE,2.0,/Data/Products/Product/EndPoint/WebReputation/Internal/ScanCommonHTTPport/@enable,2014-09-18T00:00:00.0000000,,
6753,OSCE,2.0,/Data/Products/Product/Server/BT_SuspiciousObjectList/BT_USE_URL/@desktop_off,2020-04-10T00:00:00.0000000,,
90,OSCE,2.0,/Data/Products/Product/EndPoint/WebReputation/External/HTTPS_URL/@disable,2014-09-18T00:00:00.0000000,,
6758,OSCE,2.0,/Data/Products/Product/Server/BT_SuspiciousObjectList/BT_USE_DNS/@server_on,2020-04-10T00:00:00.0000000,,
111,OSCE,2.0,/Data/Products/Product/EndPoint/WebReputation/Internal/SecurityLevel/@medium,2014-09-18T00:00:00.0000000,,
6754,OSCE,2.0,/Data/Products/Product/Server/BT_SuspiciousObjectList/BT_USE_IP/@server_on,2020-04-10T00:00:00.0000000,,
91,OSCE,2.0,/Data/Products/Product/EndPoint/WebReputation/External/HTTPS_URL/@enable,2014-09-18T00:00:00.0000000,,
6765,OSCE,2.0,/Data/Products/Product/Server/BT_SuspiciousObjectList/BT_USE_FILE/@desktop_off,2020-04-10T00:00:00.0000000,,
78,OSCE,2.0,/Data/Products/Product/EndPoint/ScanMode/@Convention,2014-09-18T00:00:00.0000000,,
6748,OSCE,2.0,/Data/Products/Product/Server/BT_SuspiciousObjectList/SUSP_OBJ_LIST_USE_CM/@desktop_on,2020-04-10T00:00:00.0000000,,
101,OSCE,2.0,/Data/Products/Product/EndPoint/WebReputation/Internal/AssessmentMode/@disable,2014-09-18T00:00:00.0000000,,
6763,OSCE,2.0,/Data/Products/Product/Server/BT_SuspiciousObjectList/BT_USE_FILE/@server_off,2020-04-10T00:00:00.0000000,,
100,OSCE,2.0,/Data/Products/Product/EndPoint/WebReputation/External/WR/@enable,2014-09-18T00:00:00.0000000,,
4919,OSCE,2.0,/Data/Products/Product/iService/iES/iData/Endpoint/Policy/Latest_Policy_Data/Item/@dbSize,2019-02-22T00:00:00.0000000,,
82,OSCE,2.0,/Data/Products/Product/EndPoint/SWITCH/Item/@desktop_on,2014-09-18T00:00:00.0000000,,
6750,OSCE,2.0,/Data/Products/Product/Server/BT_SuspiciousObjectList/BT_USE_URL/@server_on,2020-04-10T00:00:00.0000000,,
103,OSCE,2.0,/Data/Products/Product/EndPoint/WebReputation/Internal/BES/@disable,2014-09-18T00:00:00.0000000,,
6746,OSCE,2.0,/Data/Products/Product/Server/BT_SuspiciousObjectList/SUSP_OBJ_LIST_USE_CM/@server_on,2020-04-10T00:00:00.0000000,,
83,OSCE,2.0,/Data/Products/Product/EndPoint/SWITCH/Item/@Name,2014-09-18T00:00:00.0000000,,
6757,OSCE,2.0,/Data/Products/Product/Server/BT_SuspiciousObjectList/BT_USE_IP/@desktop_off,2020-04-10T00:00:00.0000000,,
70,OSCE,2.0,/Data/Products/Product/EndPoint/PLS/Item/@count,2014-09-18T00:00:00.0000000,,
4922,OSCE,2.0,/Data/Products/Product/iService/iES/iData/Endpoint/Policy/Latest_Policy_Data/Item/UploadMetaType/@metaType,2019-02-22T00:00:00.0000000,,
93,OSCE,2.0,/Data/Products/Product/EndPoint/WebReputation/External/ScanCommonHTTPport/@enable,2014-09-18T00:00:00.0000000,,
6755,OSCE,2.0,/Data/Products/Product/Server/BT_SuspiciousObjectList/BT_USE_IP/@server_off,2020-04-10T00:00:00.0000000,,
92,OSCE,2.0,/Data/Products/Product/EndPoint/WebReputation/External/ScanCommonHTTPport/@disable,2014-09-18T00:00:00.0000000,,
4855,OSCE,2.0,/Data/Products/Product/iService/iES/iData/Server/Impact_Evaluation/CriteriaType/Item/@Count,2019-02-17T00:00:00.0000000,,
74,OSCE,2.0,/Data/Products/Product/EndPoint/REALTIME_SCAN/Item/@desktop_on,2014-09-18T00:00:00.0000000,,
4860,OSCE,2.0,/Data/Products/Product/iService/iES/iData/Server/Impact_Evaluation/AccessScope/Item/@Count,2019-02-17T00:00:00.0000000,,
95,OSCE,2.0,/Data/Products/Product/EndPoint/WebReputation/External/SecurityLevel/@low,2014-09-18T00:00:00.0000000,,
4920,OSCE,2.0,/Data/Products/Product/iService/iES/iData/Endpoint/Policy/Latest_Policy_Data/Item/@isEnableRecording,2019-02-22T00:00:00.0000000,,
75,OSCE,2.0,/Data/Products/Product/EndPoint/REALTIME_SCAN/Item/@Name,2014-09-18T00:00:00.0000000,,
6749,OSCE,2.0,/Data/Products/Product/Server/BT_SuspiciousObjectList/SUSP_OBJ_LIST_USE_CM/@desktop_off,2020-04-10T00:00:00.0000000,,
62,OSCE,2.0,/Data/Products/Product/EndPoint/Firewall/@enable,2014-09-18T00:00:00.0000000,,
4858,OSCE,2.0,/Data/Products/Product/iService/iES/iData/Server/Impact_Evaluation/AccessScope/Item/@accessScope,2019-02-17T00:00:00.0000000,,
85,OSCE,2.0,/Data/Products/Product/EndPoint/SWITCH/Item/@server_on,2014-09-18T00:00:00.0000000,,
6747,OSCE,2.0,/Data/Products/Product/Server/BT_SuspiciousObjectList/SUSP_OBJ_LIST_USE_CM/@server_off,2020-04-10T00:00:00.0000000,,
84,OSCE,2.0,/Data/Products/Product/EndPoint/SWITCH/Item/@server_off,2014-09-18T00:00:00.0000000,,
4454,OSCE,2.0,/Data/Products/Product/iService/iVP/Server/AC/@Key,2018-10-01T00:00:00.0000000,,
66,OSCE,2.0,/Data/Products/Product/EndPoint/NCIE_CFG/Item/@server_off,2014-09-18T00:00:00.0000000,,
4459,OSCE,2.0,/Data/Products/Product/iService/iVP/Server/IPSRule/IPSRule/@PreventEventCount,2018-10-01T00:00:00.0000000,,
87,OSCE,2.0,/Data/Products/Product/EndPoint/WebReputation/External/AssessmentMode/@enable,2014-09-18T00:00:00.0000000,,
4856,OSCE,2.0,/Data/Products/Product/iService/iES/iData/Server/Impact_Evaluation/Operator/Item/@operator,2019-02-17T00:00:00.0000000,,
67,OSCE,2.0,/Data/Products/Product/EndPoint/NCIE_CFG/Item/@server_on,2014-09-18T00:00:00.0000000,,
4859,OSCE,2.0,/Data/Products/Product/iService/iES/iData/Server/Impact_Evaluation/AccessScope/Item/@unit,2019-02-17T00:00:00.0000000,,
54,OSCE,2.0,/Data/Products/Product/EndPoint/BehaviourMonitor/BM_Event_Monitor/@enable,2014-09-18T00:00:00.0000000,,
4664,OSCE,2.0,/Data/Products/Product/iService/iAC/ApplicationControUsage/Enable_AssignRule,2018-10-09T00:00:00.0000000,,
77,OSCE,2.0,/Data/Products/Product/EndPoint/REALTIME_SCAN/Item/@server_on,2014-09-18T00:00:00.0000000,,
4921,OSCE,2.0,/Data/Products/Product/iService/iES/iData/Endpoint/Policy/Latest_Policy_Data/Item/@uploadFrequency,2019-02-22T00:00:00.0000000,,
76,OSCE,2.0,/Data/Products/Product/EndPoint/REALTIME_SCAN/Item/@server_off,2014-09-18T00:00:00.0000000,,
4443,OSCE,2.0,/Data/Products/Product/iService/iAC/ApplicationControUsage/RuleMethodUsage/Item/@RuleMethod,2018-09-18T00:00:00.0000000,,
58,OSCE,2.0,/Data/Products/Product/EndPoint/ClientOS/Item/@EmbeddedPlatform,2014-09-18T00:00:00.0000000,,
4449,OSCE,2.0,/Data/Products/Product/iService/iAC/ApplicationControUsage/TMCSSUsage/Item/@Selector,2018-09-24T00:00:00.0000000,,
79,OSCE,2.0,/Data/Products/Product/EndPoint/ScanMode/@SmartScan,2014-09-18T00:00:00.0000000,,
4662,OSCE,2.0,/Data/Products/Product/iService/iAC/ApplicationControUsage/Enable_ConfigPolicy,2018-10-09T00:00:00.0000000,,
59,OSCE,2.0,/Data/Products/Product/EndPoint/ClientOS/Item/@OSType,2014-09-18T00:00:00.0000000,,
4665,OSCE,2.0,/Data/Products/Product/iService/iAC/ApplicationControUsage/Enable_AssignRulewithAD,2018-10-09T00:00:00.0000000,,
46,OSCE,2.0,/Data/Products/Product/EndPoint/AgentGlobalSettingInClient/Item/@desktop_on,2014-09-18T00:00:00.0000000,,
4457,OSCE,2.0,/Data/Products/Product/iService/iVP/Server/IPSRule/IPSRule/@ID,2018-10-01T00:00:00.0000000,,
69,OSCE,2.0,/Data/Products/Product/EndPoint/OSCEClientVersion/Item/@Version,2014-09-18T00:00:00.0000000,,
4857,OSCE,2.0,/Data/Products/Product/iService/iES/iData/Server/Impact_Evaluation/Operator/Item/@Count,2019-02-17T00:00:00.0000000,,
68,OSCE,2.0,/Data/Products/Product/EndPoint/OSCEClientVersion/Item/@count,2014-09-18T00:00:00.0000000,,
4418,OSCE,2.0,/Data/Products/Product/iService/iES/iData/Endpoint/Policy/DB_Size/Item/@isEnableRecording,2018-09-12T00:00:00.0000000,,
50,OSCE,2.0,/Data/Products/Product/EndPoint/BehaviourMonitor/BM/@AEGIS_TD,2014-09-18T00:00:00.0000000,,
4415,OSCE,2.0,/Data/Products/Product/iService/iES/iData/Server/Investigation/Item/@dbSize,2018-09-12T00:00:00.0000000,,
71,OSCE,2.0,/Data/Products/Product/EndPoint/PLS/Item/@Name,2014-09-18T00:00:00.0000000,,
4455,OSCE,2.0,/Data/Products/Product/iService/iVP/EndPoint/IPSEnabledClient/@Count,2018-10-01T00:00:00.0000000,,
51,OSCE,2.0,/Data/Products/Product/EndPoint/BehaviourMonitor/BM/@AEGIS_TD_AGGRESSIVE,2014-09-18T00:00:00.0000000,,
4458,OSCE,2.0,/Data/Products/Product/iService/iVP/Server/IPSRule/IPSRule/@DetectEventCount,2018-10-01T00:00:00.0000000,,
4446,OSCE,2.0,/Data/Products/Product/iService/iES/iData/Server/Impact_Evaluation/Evaluate/Item/@Count,2018-08-28T00:00:00.0000000,,
61,OSCE,2.0,/Data/Products/Product/EndPoint/Firewall/@disable,2014-09-18T00:00:00.0000000,,
4663,OSCE,2.0,/Data/Products/Product/iService/iAC/ApplicationControUsage/Enable_ConfigRule,2018-10-09T00:00:00.0000000,,
60,OSCE,2.0,/Data/Products/Product/EndPoint/ClientOS/Item/@Version,2014-09-18T00:00:00.0000000,,
4409,OSCE,2.0,/Data/Products/Product/iService/iAC/ApplicationControUsage/AssignRulewithAD,2018-09-07T00:00:00.0000000,,
2488,OSCE,2.0,/Data/Products/Product/EndPoint/DLP_CFG/Item/@server_on,2017-09-21T00:00:00.0000000,,
4406,OSCE,2.0,/Data/Products/Product/iService/iAC/ApplicationControUsage/AppCtrlBaseAction,2018-09-07T00:00:00.0000000,,
63,OSCE,2.0,/Data/Products/Product/EndPoint/NCIE_CFG/Item/@desktop_off,2014-09-18T00:00:00.0000000,,
4444,OSCE,2.0,/Data/Products/Product/iService/iAC/ApplicationControlResult/RuleMethodResult/Item/@MatchMethodID,2018-09-18T00:00:00.0000000,,
43,OSCE,2.0,/Data/LastUpdateTimeUTC,2014-09-18T00:00:00.0000000,,
4414,OSCE,2.0,/Data/Products/Product/iService/iES/iData/Server/Impact_Evaluation/Source/Item/@isEnableRecording,2018-09-12T00:00:00.0000000,,
4421,OSCE,2.0,/Data/Products/Product/iService/iES/iData/Endpoint/Policy/ADE/Item/@uploadFrequency,2018-09-12T00:00:00.0000000,,
53,OSCE,2.0,/Data/Products/Product/EndPoint/BehaviourMonitor/BM_Event_Monitor/@disable,2014-09-18T00:00:00.0000000,,
4456,OSCE,2.0,/Data/Products/Product/iService/iVP/EndPoint/ManualEnabledDisableIPSRule/@Value,2018-10-01T00:00:00.0000000,,
52,OSCE,2.0,/Data/Products/Product/EndPoint/BehaviourMonitor/BM/@disable,2014-09-18T00:00:00.0000000,,
4401,OSCE,2.0,/Data/Products/Product/iService/iAC/ServerGeneral/OS/@Arch,2018-09-07T00:00:00.0000000,,
1776,OSCE,2.0,/Data/Products/Product/Server/EdgeAgent/EdgeAgent_Register,2016-11-18T00:00:00.0000000,,
4398,OSCE,2.0,/Data/Products/Product/iService/iAC/ServerGeneral/OS/@Service_Pack,2018-09-07T00:00:00.0000000,,
55,OSCE,2.0,/Data/Products/Product/EndPoint/CiscoNAC/@disable,2014-09-18T00:00:00.0000000,,
4419,OSCE,2.0,/Data/Products/Product/iService/iES/iData/Endpoint/Policy/META_Upload/Item/@dbSize,2018-09-12T00:00:00.0000000,,
4405,OSCE,2.0,/Data/Products/Product/iService/iAC/ApplicationControUsage/AppCtrlPolicy,2018-09-07T00:00:00.0000000,,
4413,OSCE,2.0,/Data/Products/Product/iService/iES/iData/Server/Impact_Evaluation/Evaluate/Item/@isEnableAde,2018-09-12T00:00:00.0000000,,
45,OSCE,2.0,/Data/Products/Product/EndPoint/AgentGlobalSettingInClient/Item/@desktop_off,2014-09-18T00:00:00.0000000,,
4445,OSCE,2.0,/Data/Products/Product/iService/iAC/ApplicationControlResult/RuleMethodResult/Item/@Count,2018-09-18T00:00:00.0000000,,
44,OSCE,2.0,/Data/OSCE_Feedback_version,2014-09-18T00:00:00.0000000,,
4393,OSCE,2.0,/Data/Products/Product/iService/iES/iData/Server/API_Count/Item/@name,2018-09-06T00:00:00.0000000,,
1616,OSCE,2.0,/Data/Products/Product/EndPoint/PRIVILEGES_OTHERS/Item/@server_on,2016-08-07T00:00:00.0000000,,
4385,OSCE,2.0,/Data/Products/Product/iService/iAC/@EnabledAgentCount,2018-08-31T00:00:00.0000000,,
47,OSCE,2.0,/Data/Products/Product/EndPoint/AgentGlobalSettingInClient/Item/@Name,2014-09-18T00:00:00.0000000,,
4411,OSCE,2.0,/Data/Products/Product/iService/iES/iData/Server/Impact_Evaluation/Evaluate/Item/@ruleID,2018-09-12T00:00:00.0000000,,
4397,OSCE,2.0,/Data/Products/Product/iService/iAC/ServerGeneral/OS/@Version,2018-09-07T00:00:00.0000000,,
4404,OSCE,2.0,/Data/Products/Product/iService/iAC/ApplicationControUsage/AppCtrlProductLanguage,2018-09-07T00:00:00.0000000,,
2489,OSCE,2.0,/Data/Products/Product/EndPoint/DLP_CFG/Item/@server_off,2017-09-21T00:00:00.0000000,,
4420,OSCE,2.0,/Data/Products/Product/iService/iES/iData/Endpoint/Policy/META_Upload_Frequency/Item/@isEnableUpload,2018-09-12T00:00:00.0000000,,
4376,OSCE,2.0,/Data/Products/Product/iService/iES/iData/Server/Impact_Evaluation/Evaluate/Evaluate/@Count,2018-08-30T00:00:00.0000000,,
1608,OSCE,2.0,/Data/Products/Product/EndPoint/Privileges_Others/Item/@desktop_off,2016-08-02T00:00:00.0000000,,
4373,OSCE,2.0,/Data/Products/Product/iService/iES/iData/Server/Impact_Evaluation/Evaluate/Evaluate/@agentCount,2018-08-30T00:00:00.0000000,,
4402,OSCE,2.0,/Data/Products/Product/iService/iAC/ServerGeneral/OS/@Branch,2018-09-07T00:00:00.0000000,,
4384,OSCE,2.0,/Data/Products/Product/iService/iES/@EnabledAgentCount,2018-08-31T00:00:00.0000000,,
4396,OSCE,2.0,/Data/Products/Product/iService/iAC/ServerGeneral/OS/@Platform,2018-09-07T00:00:00.0000000,,
1777,OSCE,2.0,/Data/Products/Product/Server/EdgeAgent/EdgeAgent_UseProxy,2016-11-18T00:00:00.0000000,,
4412,OSCE,2.0,/Data/Products/Product/iService/iES/iData/Server/Impact_Evaluation/Evaluate/Item/@categoryID,2018-09-12T00:00:00.0000000,,
4368,OSCE,2.0,/Data/Products/Product/iService/iES/iData/Endpoint/Policy/META_Upload_Frequency/Item/@Count,2018-08-28T00:00:00.0000000,,
1592,OSCE,2.0,/Data/Products/Product/EndPoint/BehaviourMonitor/Item/@desktop_off,2016-07-19T00:00:00.0000000,,
4365,OSCE,2.0,/Data/Products/Product/iService/iES/iData/Endpoint/Policy/META_Upload/Item/@Count,2018-08-28T00:00:00.0000000,,
4394,OSCE,2.0,/Data/Products/Product/iService/iES/iData/Server/API_Count/Item/@Count,2018-09-06T00:00:00.0000000,,
4372,OSCE,2.0,/Data/Products/Product/iService/iES/iData/Server/Impact_Evaluation/Evaluate/@BIF_Accumulate_to_Month,2018-08-30T00:00:00.0000000,,
4379,OSCE,2.0,/Data/Products/Product/iService/iES/iData/Endpoint/Agent_Count/Item/@disableCount,2018-08-30T00:00:00.0000000,,
1617,OSCE,2.0,/Data/Products/Product/EndPoint/PRIVILEGES_OTHERS/Item/@server_off,2016-08-07T00:00:00.0000000,,
4403,OSCE,2.0,/Data/Products/Product/iService/iAC/ApplicationControUsage/AppCtrlProductVersion,2018-09-07T00:00:00.0000000,,
4360,OSCE,2.0,/Data/Products/Product/iService/iES/iData/Endpoint/Policy/DB_Size/Item/@dbSize,2018-08-28T00:00:00.0000000,,
1584,OSCE,2.0,/Data/Products/Product/EndPoint/SAMPLE_SUBMISSION/Item/@server_on,2016-07-19T00:00:00.0000000,,
4357,OSCE,2.0,/Data/Products/Product/iService/iES/iData/Endpoint/Policy/Event_Recording/Item/@isEnableRecording,2018-08-28T00:00:00.0000000,,
4377,OSCE,2.0,/Data/Products/Product/iService/iES/iData/Endpoint/Agent_Count/Item/@platformType,2018-08-30T00:00:00.0000000,,
4364,OSCE,2.0,/Data/Products/Product/iService/iES/iData/Endpoint/Policy/META_Upload/Item/@platformType,2018-08-28T00:00:00.0000000,,
4371,OSCE,2.0,/Data/Products/Product/iService/iES/iData/Endpoint/Policy/ADE/Item/@Count,2018-08-28T00:00:00.0000000,,
1593,OSCE,2.0,/Data/Products/Product/EndPoint/TRENDX_CFG/Item/@ExceptionsFromSettingCount,2016-07-19T00:00:00.0000000,,
4395,OSCE,2.0,/Data/Products/Product/iService/iAC/ServerGeneral/AC/@Key,2018-09-07T00:00:00.0000000,,
4347,OSCE,2.0,/Data/Products/Product/iService/iES/iData/Server/Investigation/Item/@scanType,2018-08-28T00:00:00.0000000,,
1576,OSCE,2.0,/Data/Products/Product/EndPoint/TRENDX_CFG/Item/@Name,2016-07-19T00:00:00.0000000,,
4344,OSCE,2.0,/Data/Products/Product/iService/iES/iData/Server/Impact_Evaluation/Criteria/Item/@criteriaCount,2018-08-28T00:00:00.0000000,,
4369,OSCE,2.0,/Data/Products/Product/iService/iES/iData/Endpoint/Policy/ADE/Item/@isEnableAde,2018-08-28T00:00:00.0000000,,
4354,OSCE,2.0,/Data/Products/Product/iService/iES/iData/Server/ADE_Detect/Item/@Count,2018-08-28T00:00:00.0000000,,
4363,OSCE,2.0,/Data/Products/Product/iService/iES/iData/Endpoint/Policy/META_Upload/Item/@isEnableUpload,2018-08-28T00:00:00.0000000,,
1585,OSCE,2.0,/Data/Products/Product/EndPoint/SAMPLE_SUBMISSION/Item/@server_off,2016-07-19T00:00:00.0000000,,
4378,OSCE,2.0,/Data/Products/Product/iService/iES/iData/Endpoint/Agent_Count/Item/@enableCount,2018-08-30T00:00:00.0000000,,
4334,OSCE,2.0,/Data/Products/Product/iService/iES/iData/Server/Product_Build,2018-08-28T00:00:00.0000000,,
1568,OSCE,2.0,/Data/Products/Product/EndPoint/TRENDX_CFG/TRENDX_FILE/@enable,2016-07-17T00:00:00.0000000,,
3856,OSCE,2.0,/Data/Products/Product/Server/AgentGlobalSetting/EnableLocalConnected,2018-06-14T00:00:00.0000000,,
4361,OSCE,2.0,/Data/Products/Product/iService/iES/iData/Endpoint/Policy/DB_Size/Item/@platformType,2018-08-28T00:00:00.0000000,,
4343,OSCE,2.0,/Data/Products/Product/iService/iES/iData/Server/Impact_Evaluation/Source/Item/@Count,2018-08-28T00:00:00.0000000,,
4353,OSCE,2.0,/Data/Products/Product/iService/iES/iData/Server/ADE_Detect/Item/@categoryID,2018-08-28T00:00:00.0000000,,
1577,OSCE,2.0,/Data/Products/Product/EndPoint/TRENDX_CFG/Item/@server_on,2016-07-19T00:00:00.0000000,,
4370,OSCE,2.0,/Data/Products/Product/iService/iES/iData/Endpoint/Policy/ADE/Item/@platformType,2018-08-28T00:00:00.0000000,,
3859,OSCE,2.0,/Data/Products/Product/Server/NAT_Enable,2018-06-20T00:00:00.0000000,,
1560,OSCE,2.0,/Data/Products/Product/EndPoint/TRENDX_CFG/ENABLE_FILE/@Quarantine,2016-07-17T00:00:00.0000000,,
3664,OSCE,2.0,/Data/Products/Product/Server/PatchVersions/ServicePackPatchVersion,2018-02-27T00:00:00.0000000,,
4348,OSCE,2.0,/Data/Products/Product/iService/iES/iData/Server/Investigation/Item/@Count,2018-08-28T00:00:00.0000000,,
3806,OSCE,2.0,/Data/Products/Product/iService/iES,2018-06-07T00:00:00.0000000,,
4342,OSCE,2.0,/Data/Products/Product/iService/iES/iData/Server/Impact_Evaluation/Source/Item/@sourceType,2018-08-28T00:00:00.0000000,,
1569,OSCE,2.0,/Data/Products/Product/EndPoint/TRENDX_CFG/TRENDX_FILE/@disable,2016-07-17T00:00:00.0000000,,
4362,OSCE,2.0,/Data/Products/Product/iService/iES/iData/Endpoint/Policy/DB_Size/Item/@Count,2018-08-28T00:00:00.0000000,,
8255,OSCE,2.0,/Data/Products/Product/Server/AskRebootHistory/AskRebootHistory_Summary/Item/@count,2022-03-05T00:00:00.0000000,,
608,OSCE,2.0,/Data/Products/Product/Server/BT_SuspiciousObjectList/SUSP_OBJ_LIST_USE_CM,2015-04-02T00:00:00.0000000,,
4335,OSCE,2.0,/Data/Products/Product/iService/iES/iData/Server/Is_MDR_Enable,2018-08-28T00:00:00.0000000,,
3663,OSCE,2.0,/Data/Products/Product/Server/PatchVersions/ServicePackVersion,2018-02-27T00:00:00.0000000,,
3862,OSCE,2.0,/Data/Products/Product/Server/SQLServerVerInfo,2018-07-03T00:00:00.0000000,,
1561,OSCE,2.0,/Data/Products/Product/EndPoint/TRENDX_CFG/ENABLE_FILE/@Log,2016-07-17T00:00:00.0000000,,
4352,OSCE,2.0,/Data/Products/Product/iService/iES/iData/Server/ADE_Detect/Item/@ruleID,2018-08-28T00:00:00.0000000,,
8231,OSCE,2.0,/Data/Products/Product/Server/AskRebootHistory/Config/DaysToKeepLogs,2022-02-26T00:00:00.0000000,,
600,OSCE,2.0,/Data/Products/Product/EndPoint/BehaviourMonitor/BM_SRP/@enable,2015-03-18T00:00:00.0000000,,
3860,OSCE,2.0,/Data/Products/Product/Server/UpdateSourceType,2018-06-22T00:00:00.0000000,,
8256,OSCE,2.0,/Data/Products/Product/Server/AskRebootHistory/AskRebootHistory_Summary/Item/@Agent_Num,2022-03-05T00:00:00.0000000,,
601,OSCE,2.0,/Data/Products/Product/Server/AgentGlobalSetting/AES256_Encrypt,2015-03-31T00:00:00.0000000,,
4336,OSCE,2.0,/Data/Products/Product/iService/iES/iData/Server/Maximum_Metadata_Storage,2018-08-28T00:00:00.0000000,,
8215,OSCE,2.0,/Data/Products/Product/EndPoint/MITRE_CFG/MITRE_MODE/@server_protection,2022-01-05T00:00:00.0000000,,
232,OSCE,2.0,/Data/Products/Product/Server/OPP/OPP_Enable,2014-09-25T00:00:00.0000000,,
8240,OSCE,2.0,/Data/Products/Product/Server/AskRebootHistory/Summary/Item/@Agent_Num,2022-03-02T00:00:00.0000000,,
233,OSCE,2.0,/Data/Products/Product/Server/OPP/OPP_MutexBlock,2014-09-25T00:00:00.0000000,,
3861,OSCE,2.0,/Data/Products/Product/Server/SampleSubmissionCountInBIFPeriod,2018-06-22T00:00:00.0000000,,
8199,OSCE,2.0,/Data/Products/Product/Server/ProxySettings/ServerProxy/Internet_Proxy_Login,2021-11-24T00:00:00.0000000,,
144,OSCE,2.0,/Data/Products/Product/Server/SmartProtection/FileReputation_ScanQueryMode,2014-09-18T00:00:00.0000000,,
8232,OSCE,2.0,/Data/Products/Product/Server/AskRebootHistory/Config/CountsToKeepLogs,2022-02-26T00:00:00.0000000,,
145,OSCE,2.0,/Data/Products/Product/Server/SmartProtection/SmartFeedback,2014-09-18T00:00:00.0000000,,
8191,OSCE,2.0,/Data/Products/Product/Server/ProxySettings/AgentProxy/AgentInternalProxy/SPSProxy/Standard_ProxyUser,2021-11-10T00:00:00.0000000,,
136,OSCE,2.0,/Data/Products/Product/Server/OSVersion,2014-09-18T00:00:00.0000000,,
8216,OSCE,2.0,/Data/Products/Product/EndPoint/MITRE_CFG/MITRE_MODE/@desktop_protection,2022-01-05T00:00:00.0000000,,
137,OSCE,2.0,/Data/Products/Product/Server/PccNT_BuildNum,2014-09-18T00:00:00.0000000,,
8183,OSCE,2.0,/Data/Products/Product/Server/ProxySettings/AgentProxy/AgentInternalProxy/ApexOneServerProxy/Proxy_Login,2021-11-09T00:00:00.0000000,,
128,OSCE,2.0,/Data/Products/Product/Server/GUID,2014-09-18T00:00:00.0000000,,
8200,OSCE,2.0,/Data/Products/Product/Server/ProxySettings/ServerProxy/Internet_Proxy_Pwd_Set,2021-11-30T00:00:00.0000000,,
129,OSCE,2.0,/Data/Products/Product/Server/Hotfix/Item/@Build,2014-09-18T00:00:00.0000000,,
8175,OSCE,2.0,/Data/Products/Product/Server/ProxySettings/AgentProxy/AgentInternalProxy/ApexOneServerProxy/UseProxy,2021-11-05T00:00:00.0000000,,
120,OSCE,2.0,/Data/Products/Product/Server/ACs/AC/@OS,2014-09-18T00:00:00.0000000,,
8192,OSCE,2.0,/Data/Products/Product/Server/ProxySettings/AgentProxy/AgentInternalProxy/SPSProxy/Standard_ProxyPwd,2021-11-10T00:00:00.0000000,,
121,OSCE,2.0,/Data/Products/Product/Server/ACs/AC/@Product_Code,2014-09-18T00:00:00.0000000,,
8159,OSCE,2.0,/Data/Products/Product/Server/LogMaintenance/ScheduleDelete/ScheduledDeleteItems/Item/@Name,2021-11-03T00:00:00.0000000,,
112,OSCE,2.0,/Data/Products/Product/EndPoint/WebReputation/Internal/SendQuerySmartProtectionServer/@disable,2014-09-18T00:00:00.0000000,,
8184,OSCE,2.0,/Data/Products/Product/Server/ProxySettings/AgentProxy/AgentInternalProxy/ApexOneServerProxy/Proxy_Pwd,2021-11-09T00:00:00.0000000,,
113,OSCE,2.0,/Data/Products/Product/EndPoint/WebReputation/Internal/SendQuerySmartProtectionServer/@enable,2014-09-18T00:00:00.0000000,,
8151,OSCE,2.0,/Data/Products/Product/Server/LogMaintenance/ScheduleDelete/ScheduleDeleteEnable,2021-11-03T00:00:00.0000000,,
104,OSCE,2.0,/Data/Products/Product/EndPoint/WebReputation/Internal/BES/@enable,2014-09-18T00:00:00.0000000,,
8176,OSCE,2.0,/Data/Products/Product/Server/ProxySettings/AgentProxy/AgentInternalProxy/SPSProxy/Standard_EnableProxy,2021-11-05T00:00:00.0000000,,
105,OSCE,2.0,/Data/Products/Product/EndPoint/WebReputation/Internal/HTTPS_URL/@disable,2014-09-18T00:00:00.0000000,,
8143,OSCE,2.0,/Data/Products/Product/Server/FeatureFlagHiddenKey/EnableExploitShieldAssessMode,2021-11-02T00:00:00.0000000,,
96,OSCE,2.0,/Data/Products/Product/EndPoint/WebReputation/External/SecurityLevel/@medium,2014-09-18T00:00:00.0000000,,
8160,OSCE,2.0,/Data/Products/Product/Server/LogMaintenance/ScheduleDelete/ScheduledDeleteItems/Item/@EnableDay,2021-11-03T00:00:00.0000000,,
97,OSCE,2.0,/Data/Products/Product/EndPoint/WebReputation/External/SendQuerySmartProtectionServer/@disable,2014-09-18T00:00:00.0000000,,
8135,OSCE,2.0,/Data/Products/Product/Server/FeatureFlagHiddenKey/EnableAMSI,2021-11-02T00:00:00.0000000,,
88,OSCE,2.0,/Data/Products/Product/EndPoint/WebReputation/External/BES/@disable,2014-09-18T00:00:00.0000000,,
8152,OSCE,2.0,/Data/Products/Product/Server/LogMaintenance/ScheduleDelete/ScheduleDeleteType,2021-11-03T00:00:00.0000000,,
89,OSCE,2.0,/Data/Products/Product/EndPoint/WebReputation/External/BES/@enable,2014-09-18T00:00:00.0000000,,
8110,OSCE,2.0,/Data/Products/Product/Server/AEGIS_CUSTOM_POLICY/AEGIS_CUSTOM_POLICY_TRACKING_INFO,2021-08-30T00:00:00.0000000,,
80,OSCE,2.0,/Data/Products/Product/EndPoint/seat,2014-09-18T00:00:00.0000000,,
8144,OSCE,2.0,/Data/Products/Product/Server/FeatureFlagHiddenKey/EnableNormalObj,2021-11-02T00:00:00.0000000,,
81,OSCE,2.0,/Data/Products/Product/EndPoint/SWITCH/Item/@desktop_off,2014-09-18T00:00:00.0000000,,
7820,OSCE,2.0,/Data/Products/Product/xdr_onboarding/xdr_xbc_uninstall,2021-05-24T00:00:00.0000000,,
72,OSCE,2.0,/Data/Products/Product/EndPoint/PLS/Item/@Status,2014-09-18T00:00:00.0000000,,
8136,OSCE,2.0,/Data/Products/Product/Server/FeatureFlagHiddenKey/EnableAMSIScan,2021-11-02T00:00:00.0000000,,
73,OSCE,2.0,/Data/Products/Product/EndPoint/REALTIME_SCAN/Item/@desktop_off,2014-09-18T00:00:00.0000000,,
7227,OSCE,2.0,/Data/Products/Product/xdr_onboarding/xdr_prepare_xbc_patch_status,2020-06-17T00:00:00.0000000,,
64,OSCE,2.0,/Data/Products/Product/EndPoint/NCIE_CFG/Item/@desktop_on,2014-09-18T00:00:00.0000000,,
7821,OSCE,2.0,/Data/Products/Product/xdr_onboarding/xdr_xbc_download_url_win32,2021-05-24T00:00:00.0000000,,
65,OSCE,2.0,/Data/Products/Product/EndPoint/NCIE_CFG/Item/@Name,2014-09-18T00:00:00.0000000,,
6931,OSCE,2.0,/Data/Products/Product/EndPoint/WebReputation/External/SecurityLevel/high/@desktop,2020-04-20T00:00:00.0000000,,
56,OSCE,2.0,/Data/Products/Product/EndPoint/CiscoNAC/@enable,2014-09-18T00:00:00.0000000,,
7228,OSCE,2.0,/Data/Products/Product/xdr_onboarding/xdr_acceptxbcpii,2020-06-17T00:00:00.0000000,,
57,OSCE,2.0,/Data/Products/Product/EndPoint/ClientOS/Item/@count,2014-09-18T00:00:00.0000000,,
6783,OSCE,2.0,/Data/Products/Product/EndPoint/WebReputation/Internal/Item/@desktop_off,2020-04-10T00:00:00.0000000,,
48,OSCE,2.0,/Data/Products/Product/EndPoint/AgentGlobalSettingInClient/Item/@server_off,2014-09-18T00:00:00.0000000,,
6932,OSCE,2.0,/Data/Products/Product/EndPoint/WebReputation/External/SecurityLevel/medium/@server,2020-04-20T00:00:00.0000000,,
49,OSCE,2.0,/Data/Products/Product/EndPoint/AgentGlobalSettingInClient/Item/@server_on,2014-09-18T00:00:00.0000000,,
6775,OSCE,2.0,/Data/Products/Product/EndPoint/Firewall/@server_on,2020-04-10T00:00:00.0000000,,
6924,OSCE,2.0,/Data/Products/Product/EndPoint/WebReputation/Internal/SecurityLevel/high/@server,2020-04-20T00:00:00.0000000,,
6767,OSCE,2.0,/Data/Products/Product/Server/BT_SuspiciousObjectList/BT_AUTO_NOTIFY/@server_off,2020-04-10T00:00:00.0000000,,
6790,OSCE,2.0,/Data/Products/Product/EndPoint/WebReputation/External/Item/@Name,2020-04-10T00:00:00.0000000,,
6759,OSCE,2.0,/Data/Products/Product/Server/BT_SuspiciousObjectList/BT_USE_DNS/@server_off,2020-04-10T00:00:00.0000000,,
6776,OSCE,2.0,/Data/Products/Product/EndPoint/Firewall/@server_off,2020-04-10T00:00:00.0000000,,
6751,OSCE,2.0,/Data/Products/Product/Server/BT_SuspiciousObjectList/BT_USE_URL/@server_off,2020-04-10T00:00:00.0000000,,
6768,OSCE,2.0,/Data/Products/Product/Server/BT_SuspiciousObjectList/BT_AUTO_NOTIFY/@desktop_on,2020-04-10T00:00:00.0000000,,
4916,OSCE,2.0,/Data/Products/Product/iService/iES/iData/Server/SAAS_Storage_License,2019-02-19T00:00:00.0000000,,
6760,OSCE,2.0,/Data/Products/Product/Server/BT_SuspiciousObjectList/BT_USE_DNS/@desktop_on,2020-04-10T00:00:00.0000000,,
4819,OSCE,2.0,/Data/Products/Product/iService/iES/iData/Server/Maximum_Redis_Storage,2019-02-04T00:00:00.0000000,,
6752,OSCE,2.0,/Data/Products/Product/Server/BT_SuspiciousObjectList/BT_USE_URL/@desktop_on,2020-04-10T00:00:00.0000000,,
4450,OSCE,2.0,/Data/Products/Product/iService/iAC/ApplicationControUsage/TMCSSUsage/Item/@Sub_selector,2018-09-24T00:00:00.0000000,,
4918,OSCE,2.0,/Data/Products/Product/iService/iES/iData/Endpoint/Policy/Latest_Policy_Data/Item/@platformType,2019-02-22T00:00:00.0000000,,
4416,OSCE,2.0,/Data/Products/Product/iService/iES/iData/Server/ADE_Detect/Item/@isEnableUpload,2018-09-12T00:00:00.0000000,,
4854,OSCE,2.0,/Data/Products/Product/iService/iES/iData/Server/Impact_Evaluation/CriteriaType/Item/@criteriaType,2019-02-17T00:00:00.0000000,,
4407,OSCE,2.0,/Data/Products/Product/iService/iAC/ApplicationControUsage/ConfigRule,2018-09-07T00:00:00.0000000,,
4442,OSCE,2.0,/Data/Products/Product/iService/iAC/ApplicationControUsage/RuleMethodUsage/Item/@AppCtrlBaseAction,2018-09-18T00:00:00.0000000,,
4399,OSCE,2.0,/Data/Products/Product/iService/iAC/ServerGeneral/OS/@Version_Number,2018-09-07T00:00:00.0000000,,
4417,OSCE,2.0,/Data/Products/Product/iService/iES/iData/Endpoint/Policy/Event_Recording/Item/@uploadFrequency,2018-09-12T00:00:00.0000000,,
4386,OSCE,2.0,/Data/Products/Product/iService/iVP/@EnabledAgentCount,2018-08-31T00:00:00.0000000,,
4408,OSCE,2.0,/Data/Products/Product/iService/iAC/ApplicationControUsage/AssignRule,2018-09-07T00:00:00.0000000,,
4374,OSCE,2.0,/Data/Products/Product/iService/iES/iData/Server/Impact_Evaluation/Evaluate/Evaluate/@criteriaCount,2018-08-30T00:00:00.0000000,,
4400,OSCE,2.0,/Data/Products/Product/iService/iAC/ServerGeneral/OS/@Build,2018-09-07T00:00:00.0000000,,
4366,OSCE,2.0,/Data/Products/Product/iService/iES/iData/Endpoint/Policy/META_Upload_Frequency/Item/@uploadFrequency,2018-08-28T00:00:00.0000000,,
4387,OSCE,2.0,/Data/Products/Product/iService/iATAS/@EnabledAgentCount,2018-08-31T00:00:00.0000000,,
4358,OSCE,2.0,/Data/Products/Product/iService/iES/iData/Endpoint/Policy/Event_Recording/Item/@platformType,2018-08-28T00:00:00.0000000,,
4375,OSCE,2.0,/Data/Products/Product/iService/iES/iData/Server/Impact_Evaluation/Evaluate/Evaluate/@executionTotalTime,2018-08-30T00:00:00.0000000,,
4345,OSCE,2.0,/Data/Products/Product/iService/iES/iData/Server/Impact_Evaluation/Criteria/Item/@Count,2018-08-28T00:00:00.0000000,,
4367,OSCE,2.0,/Data/Products/Product/iService/iES/iData/Endpoint/Policy/META_Upload_Frequency/Item/@platformType,2018-08-28T00:00:00.0000000,,
4332,OSCE,2.0,/Data/Products/Product/iService/iES/iData/Server/ACs/AC/@KEY,2018-08-28T00:00:00.0000000,,
4359,OSCE,2.0,/Data/Products/Product/iService/iES/iData/Endpoint/Policy/Event_Recording/Item/@Count,2018-08-28T00:00:00.0000000,,
3857,OSCE,2.0,/Data/Products/Product/Server/Use_CM_Proxy,2018-06-20T00:00:00.0000000,,
4346,OSCE,2.0,/Data/Products/Product/iService/iES/iData/Server/Investigation/Item/@isScheduledTask,2018-08-28T00:00:00.0000000,,
3665,OSCE,2.0,/Data/Products/Product/Server/PatchVersions/Patch_Version,2018-02-27T00:00:00.0000000,,
4333,OSCE,2.0,/Data/Products/Product/iService/iES/iData/Server/Product_Version,2018-08-28T00:00:00.0000000,,
4042,OSCE,2.0,/Data/Products/Product/Server/AgentGlobalSetting/AgentSSLEnable,2018-07-26T00:00:00.0000000,,
3858,OSCE,2.0,/Data/Products/Product/Server/CM_Proxy_Socks,2018-06-20T00:00:00.0000000,,
